Frage;Notiz
Person oder Kürzel;
Gesprächsdatum;
Bisher vereinbarte Wochenstunden;
Gewünschte Wochenstunden und Zeitpunkt der Änderung;
Gewünschte Arbeitstage und Zeitfenster;
Betrachteter Zeitraum der bisherigen Arbeitszeiten;
Auffälligkeiten und besondere Umstände in diesem Zeitraum;
Aufgaben die bei der Person bleiben;
Aufgaben die entfallen oder angepasst werden können;
Vertretung und Übergabe für verbleibende Aufgaben;
Verfügbare Zeit und nötige Einarbeitung der Vertretung;
Noch offene Punkte und zuständige Person;
Vereinbarter nächster Schritt;
Termin für die gemeinsame Nachbetrachtung;
